{"cameraMode":{"drawMode":0,"name":"Shaded","section":"Shading Mode"},"sceneLighting":true,"audioPlay":false,"sceneViewState":{"showFog":true,"showMaterialUpdate":false,"showSkybox":true,"showFlares":true,"showImageEffects":true,"showParticleSystems":true},"in2DMode":false,"pivot":{"x":3.845092535018921,"y":-33.60553741455078,"z":1.4752771854400635},"rotation":{"x":-0.7085821032524109,"y":0.018436593934893609,"z":-0.018462099134922029,"w":-0.7051716446876526},"size":58.427852630615237,"orthographic":false}