{"cameraMode":{"drawMode":0,"name":"Shaded","section":"Shading Mode"},"sceneLighting":false,"audioPlay":false,"sceneViewState":{"showFog":true,"showMaterialUpdate":false,"showSkybox":false,"showFlares":true,"showImageEffects":true,"showParticleSystems":true},"in2DMode":false,"pivot":{"x":-0.11514826864004135,"y":13.915566444396973,"z":-11.015639305114746},"rotation":{"x":0.29253751039505007,"y":0.192190483212471,"z":-0.06040492653846741,"w":0.9348805546760559},"size":0.2579222321510315,"orthographic":false}